{"meta":{"version":1,"warehouse":"4.0.2"},"models":{"Asset":[{"_id":"source/favicons/android-chrome-192x192.png","path":"favicons/android-chrome-192x192.png","modified":0,"renderable":0},{"_id":"source/favicons/android-chrome-512x512.png","path":"favicons/android-chrome-512x512.png","modified":0,"renderable":0},{"_id":"source/favicons/apple-touch-icon.png","path":"favicons/apple-touch-icon.png","modified":0,"renderable":0},{"_id":"source/favicons/browserconfig.xml","path":"favicons/browserconfig.xml","modified":0,"renderable":0},{"_id":"source/favicons/favicon-16x16.png","path":"favicons/favicon-16x16.png","modified":0,"renderable":0},{"_id":"source/favicons/favicon-32x32.png","path":"favicons/favicon-32x32.png","modified":0,"renderable":0},{"_id":"source/favicons/favicon.ico","path":"favicons/favicon.ico","modified":0,"renderable":0},{"_id":"source/favicons/mstile-150x150.png","path":"favicons/mstile-150x150.png","modified":0,"renderable":0},{"_id":"source/favicons/safari-pinned-tab.svg","path":"favicons/safari-pinned-tab.svg","modified":0,"renderable":0},{"_id":"source/favicons/site.webmanifest","path":"favicons/site.webmanifest","modified":0,"renderable":0},{"_id":"source/img/avatar.png","path":"img/avatar.png","modified":0,"renderable":0},{"_id":"themes/fluid/source/css/gitalk.css","path":"css/gitalk.css","modified":0,"renderable":1},{"_id":"themes/fluid/source/css/highlight-dark.styl","path":"css/highlight-dark.styl","modified":0,"renderable":1},{"_id":"themes/fluid/source/css/highlight.styl","path":"css/highlight.styl","modified":0,"renderable":1},{"_id":"themes/fluid/source/css/main.styl","path":"css/main.styl","modified":0,"renderable":1},{"_id":"themes/fluid/source/img/avatar.png","path":"img/avatar.png","modified":0,"renderable":1},{"_id":"themes/fluid/source/img/default.png","path":"img/default.png","modified":0,"renderable":1},{"_id":"themes/fluid/source/img/loading.gif","path":"img/loading.gif","modified":0,"renderable":1},{"_id":"themes/fluid/source/img/police_beian.png","path":"img/police_beian.png","modified":0,"renderable":1},{"_id":"themes/fluid/source/xml/local-search.xml","path":"xml/local-search.xml","modified":0,"renderable":1},{"_id":"themes/fluid/source/js/boot.js","path":"js/boot.js","modified":0,"renderable":1},{"_id":"themes/fluid/source/js/color-schema.js","path":"js/color-schema.js","modified":0,"renderable":1},{"_id":"themes/fluid/source/js/events.js","path":"js/events.js","modified":0,"renderable":1},{"_id":"themes/fluid/source/js/img-lazyload.js","path":"js/img-lazyload.js","modified":0,"renderable":1},{"_id":"themes/fluid/source/js/leancloud.js","path":"js/leancloud.js","modified":0,"renderable":1},{"_id":"themes/fluid/source/js/local-search.js","path":"js/local-search.js","modified":0,"renderable":1},{"_id":"themes/fluid/source/js/plugins.js","path":"js/plugins.js","modified":0,"renderable":1},{"_id":"themes/fluid/source/js/utils.js","path":"js/utils.js","modified":0,"renderable":1},{"_id":"source/img/google_podcasts.svg","path":"img/google_podcasts.svg","modified":0,"renderable":0},{"_id":"source/img/apple_podcasts.svg","path":"img/apple_podcasts.svg","modified":0,"renderable":0},{"_id":"source/img/ximalaya.svg","path":"img/ximalaya.svg","modified":0,"renderable":0}],"Cache":[{"_id":"source/favicons/android-chrome-192x192.png","hash":"30adac84c1c41b955db755a6d98b15d196fa945d","modified":1664181390000},{"_id":"source/favicons/apple-touch-icon.png","hash":"84853eb11619c46795a3604a03ba901255eabf1a","modified":1664181390000},{"_id":"source/_posts/hello-world.md","hash":"ed711d2010f1c0a981513932cd88c88c36b5a8f3","modified":1664184751876},{"_id":"source/favicons/android-chrome-512x512.png","hash":"13e3435d48fda9949022ddc47b51a92bd4eb5b1a","modified":1664181390000},{"_id":"source/favicons/favicon-16x16.png","hash":"6fbbe1228a10e7cc6d8f7cb933bb0df53636fa76","modified":1664181390000},{"_id":"source/favicons/mstile-150x150.png","hash":"0a70e0b250d23b8f4753331b6f976f0bb4d43cee","modified":1664181391000},{"_id":"source/favicons/favicon-32x32.png","hash":"3b54f79ec8d544aaed6e3eac1096ff60fd9031e4","modified":1664181390000},{"_id":"source/favicons/browserconfig.xml","hash":"0bc3c92772ac56e28bf6443d16f479cee9772093","modified":1664181390000},{"_id":"source/favicons/favicon.ico","hash":"64bd0f4dab80931576c71abdd359d6c28ce2cab8","modified":1664181391000},{"_id":"source/favicons/site.webmanifest","hash":"13e5aa58eb2182d8ace63266856c8cc29c47c083","modified":1664181391000},{"_id":"source/about/index.md","hash":"d334306580a7b49fda0fb29c8385541f50076020","modified":1664182565007},{"_id":"source/img/facet.webp","hash":"61f9622e08f689b97c72230c252f61a19e33c63d","modified":1664175363404},{"_id":"source/img/management.webp","hash":"d44e94956e802a8b1260b2763dba9db271b3681f","modified":1664175363367},{"_id":"source/favicons/safari-pinned-tab.svg","hash":"154bec10bab12458a534821cabc24c5aff32a551","modified":1664181391000},{"_id":"source/img/startup.webp","hash":"1856abfa976f6a21b46776c4a57549935b48e531","modified":1664175363103},{"_id":"source/img/f.jpg","hash":"ad7ed4640d5438562d865691d0afbb3207e7e815","modified":1664175363478},{"_id":"source/img/business.webp","hash":"f0bad3ab3e698ee3f5f30df862c184a268af110e","modified":1664175363219},{"_id":"source/img/leader.webp","hash":"de6124214391bb728469fbed59b51ab3f4d56de0","modified":1664175363308},{"_id":"node_modules/hexo-theme-fluid/source/css/_pages/_tag/tag.styl","hash":"da39a3ee5e6b4b0d3255bfef95601890afd80709","modified":1664182971137},{"_id":"node_modules/hexo-theme-fluid/package.json","hash":"167c6a0729a9286a7f508c1dd6a9c689e8799008","modified":1664182971137},{"_id":"node_modules/hexo-theme-fluid/README.md","hash":"6d752df6f2278033dc2512a7d5be22c8a8eb665a","modified":1664182971137},{"_id":"node_modules/hexo-theme-fluid/layout/404.ejs","hash":"9569c5c8f67d2783f372f671c57b93a00dc63c2f","modified":1664182971137},{"_id":"node_modules/hexo-theme-fluid/_config.yml","hash":"39baa882da9b0af5178c7767306be14bcf992a55","modified":1664182971137},{"_id":"node_modules/hexo-theme-fluid/layout/about.ejs","hash":"163bee643e6a38912d3ae70923c83c48d57222e7","modified":1664182971137},{"_id":"node_modules/hexo-theme-fluid/LICENSE","hash":"26f9356fd6e84b5a88df6d9014378f41b65ba209","modified":1664182971137},{"_id":"node_modules/hexo-theme-fluid/layout/archive.ejs","hash":"7c1f44005849791feae4abaa10fae4cb983d3277","modified":1664182971137},{"_id":"node_modules/hexo-theme-fluid/layout/categories.ejs","hash":"13859726c27b6c79b5876ec174176d0f9c1ee164","modified":1664182971137},{"_id":"node_modules/hexo-theme-fluid/layout/category.ejs","hash":"f099161b738a16a32253f42085b5444f902018ed","modified":1664182971137},{"_id":"node_modules/hexo-theme-fluid/layout/index.ejs","hash":"db000a6a0cec19d32a6e7e94cd4c478500d9c5ac","modified":1664182971137},{"_id":"node_modules/hexo-theme-fluid/layout/layout.ejs","hash":"7e0023474128fbe4d68c467704c41f1712432415","modified":1664182971137},{"_id":"node_modules/hexo-theme-fluid/layout/page.ejs","hash":"ed5007a3feb8f14d3d2843271bfb298eb0c56219","modified":1664182971137},{"_id":"node_modules/hexo-theme-fluid/layout/tag.ejs","hash":"9d686364c4d16a1a9219471623af452035c5b966","modified":1664182971137},{"_id":"node_modules/hexo-theme-fluid/languages/de.yml","hash":"0e7d455d9e004ff15d8924b7a0c35cea25ee5b1d","modified":1664182971137},{"_id":"node_modules/hexo-theme-fluid/layout/tags.ejs","hash":"1d06af34b6cf1d8a20d2eb565e309326ceba309f","modified":1664182971137},{"_id":"node_modules/hexo-theme-fluid/layout/post.ejs","hash":"505bcc06e55066b7cc5551d9ac0694e7713bfab5","modified":1664182971137},{"_id":"node_modules/hexo-theme-fluid/layout/links.ejs","hash":"1cac32ec4579aaf7b9fa39d317497331d4c5e1dd","modified":1664182971137},{"_id":"node_modules/hexo-theme-fluid/languages/eo.yml","hash":"a556251cc50a5680578c03f1efbf252b1f4ab860","modified":1664182971137},{"_id":"node_modules/hexo-theme-fluid/languages/ja.yml","hash":"3dd6d20f8d26585a7c154a8e59fe8d5d902f4c6a","modified":1664182971137},{"_id":"node_modules/hexo-theme-fluid/languages/es.yml","hash":"7112594259c88c04714be152af7fd377687dad40","modified":1664182971137},{"_id":"node_modules/hexo-theme-fluid/languages/ru.yml","hash":"7dc78f22696649a4c68dc65a9b52d9a992fa82a0","modified":1664182971137},{"_id":"node_modules/hexo-theme-fluid/languages/en.yml","hash":"f5df42cf457e64218a8cdd36f2df354877de6747","modified":1664183777126},{"_id":"node_modules/hexo-theme-fluid/languages/zh-HK.yml","hash":"2f54c179c16efcfa292d143439b3078597e3a0c2","modified":1664183796286},{"_id":"node_modules/hexo-theme-fluid/languages/zh-CN.yml","hash":"d96f2df57dde884dadd5c356c3fbac52a17ad5bc","modified":1664183731172},{"_id":"node_modules/hexo-theme-fluid/languages/zh-TW.yml","hash":"70c8def5d1d43616b425d867c82630035eeae11c","modified":1664183752022},{"_id":"node_modules/hexo-theme-fluid/layout/_partials/archive-list.ejs","hash":"7520fbf91f762207c2ab06b2c293235cd5b23905","modified":1664182971137},{"_id":"node_modules/hexo-theme-fluid/layout/_partials/category-chains.ejs","hash":"18309584aab83bc4deb20723ebad832149dd2e24","modified":1664182971137},{"_id":"node_modules/hexo-theme-fluid/layout/_partials/comments.ejs","hash":"24ef242aa01e5f5bc397cf3f83ae48b1e8353dab","modified":1664182971137},{"_id":"node_modules/hexo-theme-fluid/layout/_partials/footer.ejs","hash":"10ccfb8eef4e16182183c9a3e175c90d5b6397d3","modified":1664182971137},{"_id":"node_modules/hexo-theme-fluid/layout/_partials/category-list.ejs","hash":"f8d2f1907450e61968e6d54443e9be8138196a77","modified":1664182971137},{"_id":"node_modules/hexo-theme-fluid/layout/_partials/css.ejs","hash":"85f6e051550907681ab4ed2e268ac8f6e9ebf931","modified":1664182971137},{"_id":"node_modules/hexo-theme-fluid/layout/_partials/header.ejs","hash":"0d5e397d30051e5fbabe7b47cfd1f1e6a5820af1","modified":1664182971137},{"_id":"node_modules/hexo-theme-fluid/layout/_partials/head.ejs","hash":"7b7b1d098726e86687a15fe3d520d178577ffcae","modified":1664182971137},{"_id":"node_modules/hexo-theme-fluid/layout/_partials/paginator.ejs","hash":"0f38a2c238169edcb63fc46c23bfc529ff3859b7","modified":1664182971137},{"_id":"node_modules/hexo-theme-fluid/layout/_partials/markdown-plugins.ejs","hash":"fc4bdf7de0cf1a66d0e5e4fba1b31d6f7ed49468","modified":1664182971137},{"_id":"node_modules/hexo-theme-fluid/scripts/events/index.js","hash":"79de5a379b28cad759a49048351c7f6b8915bd7d","modified":1664182971137},{"_id":"node_modules/hexo-theme-fluid/scripts/filters/locals.js","hash":"58d0fec976f6b1d35e7ea03edc45414088acf05c","modified":1664182971137},{"_id":"node_modules/hexo-theme-fluid/scripts/filters/post-filter.js","hash":"d516b9db63067f9ea9c72cc75ae4ff358417e77d","modified":1664182971137},{"_id":"node_modules/hexo-theme-fluid/scripts/helpers/date.js","hash":"9bda6382f61b40a20c24af466fe10c8366ebb74c","modified":1664182971137},{"_id":"node_modules/hexo-theme-fluid/scripts/helpers/engine.js","hash":"d3a231d106795ce99cb0bc77eb65f9ae44515933","modified":1664182971137},{"_id":"node_modules/hexo-theme-fluid/scripts/filters/default-injects.js","hash":"b2013ae8e189cd07ebc8a2ff48a78e153345210f","modified":1664182971137},{"_id":"node_modules/hexo-theme-fluid/layout/_partials/scripts.ejs","hash":"da5810785105e5075861593c7ac22c7aa9665a72","modified":1664182971137},{"_id":"node_modules/hexo-theme-fluid/scripts/helpers/export-config.js","hash":"47e6dba7652a621a54067413490a11c8a89e3d7b","modified":1664182971137},{"_id":"node_modules/hexo-theme-fluid/scripts/helpers/page.js","hash":"4607607445233b3029ef20ed5e91de0da0a7f9c5","modified":1664182971137},{"_id":"node_modules/hexo-theme-fluid/layout/_partials/search.ejs","hash":"70e1c929e084ca8a2648cedabf29b372511ea2b8","modified":1664182971137},{"_id":"node_modules/hexo-theme-fluid/scripts/helpers/injects.js","hash":"1ad2ae6b11bd8806ee7dd6eb7140d8b54a95d613","modified":1664182971137},{"_id":"node_modules/hexo-theme-fluid/scripts/helpers/import.js","hash":"ca53e8dbf7d44cfd372cfa79ac60f35a7d5b0076","modified":1664182971137},{"_id":"node_modules/hexo-theme-fluid/scripts/helpers/scope.js","hash":"d41d9d658fcb54964b388598e996747aadb85b0f","modified":1664182971137},{"_id":"node_modules/hexo-theme-fluid/scripts/helpers/url.js","hash":"2a6a8288176d0e0f6ec008056bf2745a86e8943e","modified":1664182971137},{"_id":"node_modules/hexo-theme-fluid/scripts/helpers/utils.js","hash":"226f99b465ff513de075a8e78b321d6cb62592ca","modified":1664182971137},{"_id":"node_modules/hexo-theme-fluid/scripts/generators/local-search.js","hash":"fc2c50405b771b06b7f6cfc4e9de97b992691555","modified":1664182971137},{"_id":"node_modules/hexo-theme-fluid/scripts/helpers/wordcount.js","hash":"4543b8954c5c2ca91191cc0d53cf071b3f26faaa","modified":1664182971137},{"_id":"node_modules/hexo-theme-fluid/scripts/generators/pages.js","hash":"d9971f15fbb6b775e3d31a1b9b45011959395010","modified":1664182971137},{"_id":"node_modules/hexo-theme-fluid/scripts/tags/checkbox.js","hash":"4938610c3543a921a341bc074626d511cb1a4b45","modified":1664182971137},{"_id":"node_modules/hexo-theme-fluid/scripts/tags/button.js","hash":"3eb43a8cdea0a64576ad6b31b4df6c2bf5698d4c","modified":1664182971137},{"_id":"node_modules/hexo-theme-fluid/scripts/tags/group-image.js","hash":"4aeebb797026f1df25646a5d69f7fde79b1bcd26","modified":1664182971137},{"_id":"node_modules/hexo-theme-fluid/scripts/tags/label.js","hash":"f05a6d32cca79535b22907dc03edb9d3fa2d8176","modified":1664182971137},{"_id":"node_modules/hexo-theme-fluid/scripts/utils/compare-versions.js","hash":"dbbc928c914fc2bd242cd66aa0c45971aec13a5d","modified":1664182971137},{"_id":"node_modules/hexo-theme-fluid/scripts/tags/mermaid.js","hash":"75160561e1ef3603b6d2ad2938464ab1cb77fd38","modified":1664182971137},{"_id":"node_modules/hexo-theme-fluid/scripts/tags/note.js","hash":"f52f3a005b41f48b4da274ac64710177c8d4502f","modified":1664182971137},{"_id":"node_modules/hexo-theme-fluid/scripts/utils/resolve.js","hash":"8c4a8b62aa8608f12f1e9046231dff04859dc3e9","modified":1664182971137},{"_id":"node_modules/hexo-theme-fluid/scripts/utils/object.js","hash":"33b57e4decdc5e75c518859f168c8ba80b2c665b","modified":1664182971137},{"_id":"node_modules/hexo-theme-fluid/scripts/utils/url-join.js","hash":"718aab5e7b2059a06b093ca738de420d9afa44ba","modified":1664182971137},{"_id":"node_modules/hexo-theme-fluid/source/css/highlight.styl","hash":"a9efc52a646a9e585439c768557e3e3c9e3326dc","modified":1664182971137},{"_id":"node_modules/hexo-theme-fluid/source/css/highlight-dark.styl","hash":"45695ef75c31a4aa57324dd408b7e2327a337018","modified":1664182971137},{"_id":"node_modules/hexo-theme-fluid/source/css/main.styl","hash":"855ae5fe229c51afa57f7645f6997a27a705d7e4","modified":1664182971137},{"_id":"node_modules/hexo-theme-fluid/source/img/avatar.png","hash":"fe739a158cc128f70f780eb5fa96f388b81d478f","modified":1664182971137},{"_id":"node_modules/hexo-theme-fluid/source/css/gitalk.css","hash":"a57b3cc8e04a0a4a27aefa07facf5b5e7bca0e76","modified":1664182971137},{"_id":"node_modules/hexo-theme-fluid/source/img/fluid.png","hash":"64b215db2cb3af98fe639e94537cb5209f959c78","modified":1664182971137},{"_id":"node_modules/hexo-theme-fluid/source/img/police_beian.png","hash":"90efded6baa2dde599a9d6b1387973e8e64923ea","modified":1664182971137},{"_id":"node_modules/hexo-theme-fluid/source/img/loading.gif","hash":"2d2fc0f947940f98c21afafef39ecf226a2e8d55","modified":1664182971137},{"_id":"node_modules/hexo-theme-fluid/source/js/boot.js","hash":"38bd26c6b7acdafda86dda3560e6a3ca488d3c76","modified":1664182971137},{"_id":"node_modules/hexo-theme-fluid/source/js/img-lazyload.js","hash":"cbdeca434ec4da51f488c821d51b4d23c73294af","modified":1664182971137},{"_id":"node_modules/hexo-theme-fluid/source/js/events.js","hash":"89e3561488a618ed0caeb9edf18e441978e29c25","modified":1664182971137},{"_id":"node_modules/hexo-theme-fluid/source/js/color-schema.js","hash":"ba63f7c3324bc1fdd050a90add9d8faaffc27e07","modified":1664182971137},{"_id":"node_modules/hexo-theme-fluid/source/js/local-search.js","hash":"cebcda5991b6a9ab9307c69542389ce9013f04f7","modified":1664182971137},{"_id":"node_modules/hexo-theme-fluid/source/js/leancloud.js","hash":"eff77c7a5c399fcaefda48884980571e15243fc9","modified":1664182971137},{"_id":"node_modules/hexo-theme-fluid/layout/_partials/comments/changyan.ejs","hash":"c9b2d68ed3d375f1953e7007307d2a3f75ed6249","modified":1664182971137},{"_id":"node_modules/hexo-theme-fluid/layout/_partials/comments/cusdis.ejs","hash":"5f9dc012be27040bbe874d0c093c0d53958cc987","modified":1664182971137},{"_id":"node_modules/hexo-theme-fluid/layout/_partials/comments/disqus.ejs","hash":"aab4a4d24c55231a37db308ae94414319cecdd9b","modified":1664182971137},{"_id":"node_modules/hexo-theme-fluid/layout/_partials/comments/giscus.ejs","hash":"95f8b866b158eff9352c381c243b332a155a5110","modified":1664182971137},{"_id":"node_modules/hexo-theme-fluid/source/js/plugins.js","hash":"2333494add51e5e1374602a4e81f0be36a05d4c2","modified":1664182971137},{"_id":"node_modules/hexo-theme-fluid/source/js/utils.js","hash":"45cc86f099db0a2c36ad49711ce66c2d598a2ab1","modified":1664182971137},{"_id":"node_modules/hexo-theme-fluid/source/xml/local-search.xml","hash":"8c96ba6a064705602ce28d096fd7dd9069630a55","modified":1664182971137},{"_id":"node_modules/hexo-theme-fluid/layout/_partials/comments/livere.ejs","hash":"2264758fed57542a7389c7aa9f00f1aefa17eb87","modified":1664182971137},{"_id":"node_modules/hexo-theme-fluid/layout/_partials/comments/utterances.ejs","hash":"c7ccf7f28308334a6da6f5425b141a24b5eca0e2","modified":1664182971137},{"_id":"node_modules/hexo-theme-fluid/layout/_partials/comments/remark42.ejs","hash":"d4e9532feeb02aed61bd15eda536b5b631454dac","modified":1664182971137},{"_id":"node_modules/hexo-theme-fluid/layout/_partials/comments/gitalk.ejs","hash":"843bc141a4545eb20d1c92fb63c85d459b4271ec","modified":1664182971137},{"_id":"node_modules/hexo-theme-fluid/layout/_partials/comments/valine.ejs","hash":"19ba937553dddd317f827d682661a1066a7b1f30","modified":1664182971137},{"_id":"node_modules/hexo-theme-fluid/layout/_partials/comments/twikoo.ejs","hash":"e6820fb7f13662c42f8433ec95404238f4c1860c","modified":1664182971137},{"_id":"node_modules/hexo-theme-fluid/layout/_partials/footer/statistics.ejs","hash":"454d8dd4c39f9494ebeb03ca0746f5bc122af76a","modified":1664182971137},{"_id":"node_modules/hexo-theme-fluid/layout/_partials/comments/waline.ejs","hash":"12727da7cf3ac83443270f550be4d1c06135b52b","modified":1664182971137},{"_id":"node_modules/hexo-theme-fluid/layout/_partials/header/banner.ejs","hash":"e07757b59e7b89eea213d0e595cb5932f812fd32","modified":1664182971137},{"_id":"node_modules/hexo-theme-fluid/layout/_partials/footer/beian.ejs","hash":"4fb9b5dd3f3e41a586d6af44e5069afe7c81fff2","modified":1664182971137},{"_id":"node_modules/hexo-theme-fluid/layout/_partials/header/navigation.ejs","hash":"38990ed9dbccd88342ee4b4cb5e60818e9eb8e8a","modified":1664182971137},{"_id":"node_modules/hexo-theme-fluid/layout/_partials/plugins/code-widget.ejs","hash":"3a505cba37942badf62a56bbb8b605b72af330aa","modified":1664182971137},{"_id":"node_modules/hexo-theme-fluid/layout/_partials/plugins/anchorjs.ejs","hash":"40181442d3a2b8734783a0ad7caf2d2522e3f2ab","modified":1664182971137},{"_id":"node_modules/hexo-theme-fluid/layout/_partials/plugins/analytics.ejs","hash":"1327395a4dde1ea06c476b047fb110bcd269149f","modified":1664182971137},{"_id":"node_modules/hexo-theme-fluid/layout/_partials/plugins/encrypt.ejs","hash":"e3713fa78e0fc14a239360b020068d8513573ae4","modified":1664182971137},{"_id":"node_modules/hexo-theme-fluid/layout/_partials/plugins/math.ejs","hash":"dcbf9a381ee76f2f1f75fcbc22c50a502ec85023","modified":1664182971137},{"_id":"node_modules/hexo-theme-fluid/layout/_partials/plugins/highlight.ejs","hash":"7529dd215b09d3557804333942377b9e20fa554e","modified":1664182971137},{"_id":"node_modules/hexo-theme-fluid/layout/_partials/plugins/fancybox.ejs","hash":"9d1ea2a46b8c8ad8c168594d578f40764818ef13","modified":1664182971137},{"_id":"node_modules/hexo-theme-fluid/layout/_partials/plugins/mermaid.ejs","hash":"e49506e9895e255e0e53f34a11d325f83109c1b0","modified":1664182971137},{"_id":"node_modules/hexo-theme-fluid/layout/_partials/plugins/nprogress.ejs","hash":"4c2d39ce816b8a6dcd6b53113c8695f8bd650a23","modified":1664182971137},{"_id":"node_modules/hexo-theme-fluid/layout/_partials/post/category-bar.ejs","hash":"8772bce97ed297e7a88523f4e939ed6436c22f87","modified":1664182971137},{"_id":"node_modules/hexo-theme-fluid/layout/_partials/plugins/typed.ejs","hash":"51faef29f8e464bcb2e73049b428b88c8dd8b40a","modified":1664182971137},{"_id":"node_modules/hexo-theme-fluid/layout/_partials/post/copyright.ejs","hash":"9d13392cea94b66d86422ad17c66e5ae67ce1d32","modified":1664182971137},{"_id":"node_modules/hexo-theme-fluid/layout/_partials/post/meta-bottom.ejs","hash":"7079b27a7bc15a7dfa9209f6be6051bdec49ebad","modified":1664182971137},{"_id":"node_modules/hexo-theme-fluid/layout/_partials/post/meta-top.ejs","hash":"ce6e9f578f4faa45840abddf8f46af3f4b69c177","modified":1664182971137},{"_id":"node_modules/hexo-theme-fluid/layout/_partials/post/sidebar-left.ejs","hash":"9992c99b3eb728ad195970e1b84d665f2c8691c4","modified":1664182971137},{"_id":"node_modules/hexo-theme-fluid/layout/_partials/post/toc.ejs","hash":"97e003371b76911522fb93c5180c9fdceed29488","modified":1664182971137},{"_id":"node_modules/hexo-theme-fluid/layout/_partials/post/sidebar-right.ejs","hash":"d5fcc9b60e02f869a29a8c17a16a6028ecc1e6d8","modified":1664182971137},{"_id":"node_modules/hexo-theme-fluid/scripts/events/lib/footnote.js","hash":"2ec2ae03c79bb1ae7ac3fcf7e00fb52d1af2898d","modified":1664182971137},{"_id":"node_modules/hexo-theme-fluid/scripts/events/lib/compatible-configs.js","hash":"ef474d1fa5bbafc52619ced0f9dc7eaf2affb363","modified":1664182971137},{"_id":"node_modules/hexo-theme-fluid/scripts/events/lib/hello.js","hash":"44c5eb97b98813a07c659d6afedd17fad63b1821","modified":1664182971137},{"_id":"node_modules/hexo-theme-fluid/scripts/events/lib/highlight.js","hash":"0f02df2244e275595e72163498d42f42bcf0de5e","modified":1664182971137},{"_id":"node_modules/hexo-theme-fluid/scripts/events/lib/injects.js","hash":"5ae4b07204683e54b5a1b74e931702bbce2ac23e","modified":1664182971137},{"_id":"node_modules/hexo-theme-fluid/scripts/events/lib/merge-configs.js","hash":"7c944c43b2ece5dd84859bd9d1fe955d13427387","modified":1664182971137},{"_id":"node_modules/hexo-theme-fluid/scripts/events/lib/lazyload.js","hash":"9ba0d4bc224e22af8a5a48d6ff13e5a0fcfee2a4","modified":1664182971137},{"_id":"node_modules/hexo-theme-fluid/source/css/_functions/base.styl","hash":"2e46f3f4e2c9fe34c1ff1c598738fc7349ae8188","modified":1664182971137},{"_id":"node_modules/hexo-theme-fluid/source/css/_pages/pages.styl","hash":"b8e887bc7fb3b765a1f8ec9448eff8603a41984f","modified":1664182971137},{"_id":"node_modules/hexo-theme-fluid/source/css/_mixins/base.styl","hash":"542e306ee9494e8a78e44d6d7d409605d94caeb3","modified":1664182971137},{"_id":"node_modules/hexo-theme-fluid/source/css/_variables/base.styl","hash":"4ed5f0ae105ef4c7dd92eaf652ceda176c38e502","modified":1664182971137},{"_id":"node_modules/hexo-theme-fluid/source/css/_pages/_archive/archive.styl","hash":"c475e6681546d30350eaed11f23081ecae80c375","modified":1664182971137},{"_id":"node_modules/hexo-theme-fluid/source/css/_pages/_base/base.styl","hash":"643284c567665f96915f0b64e59934dda315f74d","modified":1664182971137},{"_id":"node_modules/hexo-theme-fluid/source/css/_pages/_category/category-bar.styl","hash":"cc6df43fef6bb3efecbfdd8b9e467424a1dea581","modified":1664182971137},{"_id":"node_modules/hexo-theme-fluid/source/css/_pages/_base/color-schema.styl","hash":"61279540c2623ea4bf93e40613d41380839b92d3","modified":1664182971137},{"_id":"node_modules/hexo-theme-fluid/source/css/_pages/_category/category-chain.styl","hash":"0cdf7ef50dfd0669d3b257821384ff31cd81b7c9","modified":1664182971137},{"_id":"node_modules/hexo-theme-fluid/source/css/_pages/_category/category-list.styl","hash":"7edfe1b571ecca7d08f5f4dbcf76f4ffdcfbf0b5","modified":1664182971137},{"_id":"node_modules/hexo-theme-fluid/source/css/_pages/_base/inline.styl","hash":"411a3fa3f924a87e00ff04d18b5c83283b049a4d","modified":1664182971137},{"_id":"node_modules/hexo-theme-fluid/source/css/_pages/_base/keyframes.styl","hash":"94065ea50f5bef7566d184f2422f6ac20866ba22","modified":1664182971137},{"_id":"node_modules/hexo-theme-fluid/source/css/_pages/_about/about.styl","hash":"97fe42516ea531fdad771489b68aa8b2a7f6ae46","modified":1664182971137},{"_id":"node_modules/hexo-theme-fluid/source/css/_pages/_post/comment.styl","hash":"780f3788e7357bcd3f3262d781cb91bb53976a93","modified":1664182971137},{"_id":"node_modules/hexo-theme-fluid/source/css/_pages/_post/post-tag.styl","hash":"27f70062415ccf66a9b6f4952db124fc1471fda5","modified":1664182971137},{"_id":"node_modules/hexo-theme-fluid/source/css/_pages/_links/links.styl","hash":"5c7f2044e3f1da05a3229537c06bd879836f8d6e","modified":1664182971137},{"_id":"node_modules/hexo-theme-fluid/source/css/_pages/_post/highlight.styl","hash":"4df764d298fe556e501db4afc2b05686fe6ebcfb","modified":1664182971137},{"_id":"node_modules/hexo-theme-fluid/source/css/_pages/_tag/tags.styl","hash":"65bfc01c76abc927fa1a23bf2422892b0d566c3f","modified":1664182971137},{"_id":"node_modules/hexo-theme-fluid/source/css/_pages/_index/index.styl","hash":"0acbd71633bcc7191672ea4e1b2277bea350d73b","modified":1664182971137},{"_id":"node_modules/hexo-theme-fluid/source/css/_pages/_base/_widget/anchorjs.styl","hash":"e0cebda4a6f499aff75e71417d88caa7ceb13b94","modified":1664182971137},{"_id":"node_modules/hexo-theme-fluid/source/css/_pages/_post/markdown.styl","hash":"1e3d3a82721e7c10bcfcecec6d81cf2979039452","modified":1664182971137},{"_id":"node_modules/hexo-theme-fluid/source/css/_pages/_base/_widget/banner.styl","hash":"7a0bd629bc234fc75e3cc8e3715ffada92f09e73","modified":1664182971137},{"_id":"node_modules/hexo-theme-fluid/source/css/_pages/_base/_widget/board.styl","hash":"4397037fc3f0033dbe546c33cd9dbdabd8cb1632","modified":1664182971137},{"_id":"node_modules/hexo-theme-fluid/source/css/_pages/_base/_widget/code-widget.styl","hash":"b66ab013f0f37d724a149b85b3c7432afcf460ad","modified":1664182971137},{"_id":"node_modules/hexo-theme-fluid/source/css/_pages/_post/post-page.styl","hash":"127bb5391370afe7fef2a297084d76406bc5e902","modified":1664182971137},{"_id":"node_modules/hexo-theme-fluid/source/css/_pages/_base/_widget/footer.styl","hash":"2caaca71dd1ff63d583099ed817677dd267b457e","modified":1664182971137},{"_id":"node_modules/hexo-theme-fluid/source/css/_pages/_base/_widget/copyright.styl","hash":"26f71a9cd60d96bb0cb5bbdf58150b8e524d9707","modified":1664182971137},{"_id":"node_modules/hexo-theme-fluid/source/css/_pages/_base/_widget/footnote.styl","hash":"ae9289cc89649af2042907f8a003303b987f3404","modified":1664182971137},{"_id":"node_modules/hexo-theme-fluid/source/css/_pages/_base/_widget/header.styl","hash":"0aa512c21a4b74ef2e70009786a1858d7c2fae9c","modified":1664182971137},{"_id":"node_modules/hexo-theme-fluid/source/css/_pages/_base/_widget/ngrogress.styl","hash":"5d225357b4a58d46118e6616377168336ed44cb2","modified":1664182971137},{"_id":"node_modules/hexo-theme-fluid/source/css/_pages/_base/_widget/modal.styl","hash":"adf6c1e5c8e1fb41c77ce6e2258001df61245aa2","modified":1664182971137},{"_id":"node_modules/hexo-theme-fluid/source/css/_pages/_base/_widget/noscript.styl","hash":"0cf2f2bb44f456150d428016675d5876a9d2e2aa","modified":1664182971137},{"_id":"node_modules/hexo-theme-fluid/source/css/_pages/_base/_widget/pagination.styl","hash":"8bb1b68e5f3552cb48c2ffa31edbc53646a8fb4c","modified":1664182971137},{"_id":"node_modules/hexo-theme-fluid/source/css/_pages/_base/_widget/qrcode.styl","hash":"78704a94c0436097abfb0e0a57abeb3429c749b7","modified":1664182971137},{"_id":"node_modules/hexo-theme-fluid/source/css/_pages/_base/_widget/scroll-btn.styl","hash":"f0e429a27fa8a7658fcbddbb4d4dbe4afa12499a","modified":1664182971137},{"_id":"node_modules/hexo-theme-fluid/source/css/_pages/_base/_widget/search.styl","hash":"10f7e91a91e681fb9fe46f9df7707b9ef78707c8","modified":1664182971137},{"_id":"node_modules/hexo-theme-fluid/source/css/_pages/_base/_widget/toc.styl","hash":"9e7452aa2372153f25d7a4675c9d36d281a65d24","modified":1664182971137},{"_id":"node_modules/hexo-theme-fluid/source/img/default.png","hash":"167a12978d80371cf578c8a2e45c24a2eb25b6fb","modified":1664182971137},{"_id":"source/img/avatar.png","hash":"84cf5f4c05d97d37ceedc25eae35660a53e22d6b","modified":1664163489966},{"_id":"themes/fluid/source/css/_pages/_tag/tag.styl","hash":"da39a3ee5e6b4b0d3255bfef95601890afd80709","modified":1664182971137},{"_id":"themes/fluid/package.json","hash":"167c6a0729a9286a7f508c1dd6a9c689e8799008","modified":1664182971137},{"_id":"themes/fluid/README.md","hash":"6d752df6f2278033dc2512a7d5be22c8a8eb665a","modified":1664182971137},{"_id":"themes/fluid/languages/zh-CN.yml","hash":"d96f2df57dde884dadd5c356c3fbac52a17ad5bc","modified":1664183731172},{"_id":"themes/fluid/_config.yml","hash":"39baa882da9b0af5178c7767306be14bcf992a55","modified":1664182971137},{"_id":"themes/fluid/languages/zh-TW.yml","hash":"70c8def5d1d43616b425d867c82630035eeae11c","modified":1664183752022},{"_id":"themes/fluid/languages/zh-HK.yml","hash":"2f54c179c16efcfa292d143439b3078597e3a0c2","modified":1664183796286},{"_id":"themes/fluid/LICENSE","hash":"26f9356fd6e84b5a88df6d9014378f41b65ba209","modified":1664182971137},{"_id":"themes/fluid/layout/404.ejs","hash":"9569c5c8f67d2783f372f671c57b93a00dc63c2f","modified":1664182971137},{"_id":"themes/fluid/layout/about.ejs","hash":"163bee643e6a38912d3ae70923c83c48d57222e7","modified":1664182971137},{"_id":"themes/fluid/languages/en.yml","hash":"f5df42cf457e64218a8cdd36f2df354877de6747","modified":1664183777126},{"_id":"themes/fluid/layout/categories.ejs","hash":"13859726c27b6c79b5876ec174176d0f9c1ee164","modified":1664182971137},{"_id":"themes/fluid/layout/archive.ejs","hash":"7c1f44005849791feae4abaa10fae4cb983d3277","modified":1664182971137},{"_id":"themes/fluid/layout/category.ejs","hash":"f099161b738a16a32253f42085b5444f902018ed","modified":1664182971137},{"_id":"themes/fluid/layout/index.ejs","hash":"db000a6a0cec19d32a6e7e94cd4c478500d9c5ac","modified":1664182971137},{"_id":"themes/fluid/layout/layout.ejs","hash":"7e0023474128fbe4d68c467704c41f1712432415","modified":1664182971137},{"_id":"themes/fluid/layout/page.ejs","hash":"ed5007a3feb8f14d3d2843271bfb298eb0c56219","modified":1664182971137},{"_id":"themes/fluid/layout/links.ejs","hash":"1cac32ec4579aaf7b9fa39d317497331d4c5e1dd","modified":1664182971137},{"_id":"themes/fluid/layout/post.ejs","hash":"505bcc06e55066b7cc5551d9ac0694e7713bfab5","modified":1664182971137},{"_id":"themes/fluid/layout/tag.ejs","hash":"9d686364c4d16a1a9219471623af452035c5b966","modified":1664182971137},{"_id":"themes/fluid/layout/tags.ejs","hash":"1d06af34b6cf1d8a20d2eb565e309326ceba309f","modified":1664182971137},{"_id":"themes/fluid/layout/_partials/archive-list.ejs","hash":"7520fbf91f762207c2ab06b2c293235cd5b23905","modified":1664182971137},{"_id":"themes/fluid/layout/_partials/css.ejs","hash":"85f6e051550907681ab4ed2e268ac8f6e9ebf931","modified":1664182971137},{"_id":"themes/fluid/layout/_partials/comments.ejs","hash":"24ef242aa01e5f5bc397cf3f83ae48b1e8353dab","modified":1664182971137},{"_id":"themes/fluid/layout/_partials/category-chains.ejs","hash":"18309584aab83bc4deb20723ebad832149dd2e24","modified":1664182971137},{"_id":"themes/fluid/layout/_partials/footer.ejs","hash":"10ccfb8eef4e16182183c9a3e175c90d5b6397d3","modified":1664182971137},{"_id":"themes/fluid/layout/_partials/category-list.ejs","hash":"f8d2f1907450e61968e6d54443e9be8138196a77","modified":1664182971137},{"_id":"themes/fluid/layout/_partials/paginator.ejs","hash":"0f38a2c238169edcb63fc46c23bfc529ff3859b7","modified":1664182971137},{"_id":"themes/fluid/layout/_partials/header.ejs","hash":"0d5e397d30051e5fbabe7b47cfd1f1e6a5820af1","modified":1664182971137},{"_id":"themes/fluid/layout/_partials/head.ejs","hash":"7b7b1d098726e86687a15fe3d520d178577ffcae","modified":1664182971137},{"_id":"themes/fluid/layout/_partials/markdown-plugins.ejs","hash":"fc4bdf7de0cf1a66d0e5e4fba1b31d6f7ed49468","modified":1664182971137},{"_id":"themes/fluid/scripts/events/index.js","hash":"79de5a379b28cad759a49048351c7f6b8915bd7d","modified":1664182971137},{"_id":"themes/fluid/scripts/filters/default-injects.js","hash":"b2013ae8e189cd07ebc8a2ff48a78e153345210f","modified":1664182971137},{"_id":"themes/fluid/scripts/filters/locals.js","hash":"58d0fec976f6b1d35e7ea03edc45414088acf05c","modified":1664182971137},{"_id":"themes/fluid/scripts/filters/post-filter.js","hash":"d516b9db63067f9ea9c72cc75ae4ff358417e77d","modified":1664182971137},{"_id":"themes/fluid/scripts/generators/local-search.js","hash":"fc2c50405b771b06b7f6cfc4e9de97b992691555","modified":1664182971137},{"_id":"themes/fluid/scripts/generators/pages.js","hash":"d9971f15fbb6b775e3d31a1b9b45011959395010","modified":1664182971137},{"_id":"themes/fluid/scripts/helpers/export-config.js","hash":"47e6dba7652a621a54067413490a11c8a89e3d7b","modified":1664182971137},{"_id":"themes/fluid/scripts/helpers/date.js","hash":"9bda6382f61b40a20c24af466fe10c8366ebb74c","modified":1664182971137},{"_id":"themes/fluid/scripts/helpers/engine.js","hash":"d3a231d106795ce99cb0bc77eb65f9ae44515933","modified":1664182971137},{"_id":"themes/fluid/layout/_partials/search.ejs","hash":"70e1c929e084ca8a2648cedabf29b372511ea2b8","modified":1664182971137},{"_id":"themes/fluid/layout/_partials/scripts.ejs","hash":"da5810785105e5075861593c7ac22c7aa9665a72","modified":1664182971137},{"_id":"themes/fluid/scripts/helpers/page.js","hash":"4607607445233b3029ef20ed5e91de0da0a7f9c5","modified":1664182971137},{"_id":"themes/fluid/scripts/helpers/import.js","hash":"ca53e8dbf7d44cfd372cfa79ac60f35a7d5b0076","modified":1664182971137},{"_id":"themes/fluid/scripts/helpers/scope.js","hash":"d41d9d658fcb54964b388598e996747aadb85b0f","modified":1664182971137},{"_id":"themes/fluid/scripts/helpers/injects.js","hash":"1ad2ae6b11bd8806ee7dd6eb7140d8b54a95d613","modified":1664182971137},{"_id":"themes/fluid/scripts/helpers/url.js","hash":"2a6a8288176d0e0f6ec008056bf2745a86e8943e","modified":1664182971137},{"_id":"themes/fluid/scripts/tags/button.js","hash":"3eb43a8cdea0a64576ad6b31b4df6c2bf5698d4c","modified":1664182971137},{"_id":"themes/fluid/scripts/tags/checkbox.js","hash":"4938610c3543a921a341bc074626d511cb1a4b45","modified":1664182971137},{"_id":"themes/fluid/scripts/helpers/utils.js","hash":"226f99b465ff513de075a8e78b321d6cb62592ca","modified":1664182971137},{"_id":"themes/fluid/scripts/tags/group-image.js","hash":"4aeebb797026f1df25646a5d69f7fde79b1bcd26","modified":1664182971137},{"_id":"themes/fluid/scripts/tags/label.js","hash":"f05a6d32cca79535b22907dc03edb9d3fa2d8176","modified":1664182971137},{"_id":"themes/fluid/scripts/helpers/wordcount.js","hash":"4543b8954c5c2ca91191cc0d53cf071b3f26faaa","modified":1664182971137},{"_id":"themes/fluid/scripts/tags/mermaid.js","hash":"75160561e1ef3603b6d2ad2938464ab1cb77fd38","modified":1664182971137},{"_id":"themes/fluid/scripts/utils/compare-versions.js","hash":"dbbc928c914fc2bd242cd66aa0c45971aec13a5d","modified":1664182971137},{"_id":"themes/fluid/scripts/tags/note.js","hash":"f52f3a005b41f48b4da274ac64710177c8d4502f","modified":1664182971137},{"_id":"themes/fluid/scripts/utils/object.js","hash":"33b57e4decdc5e75c518859f168c8ba80b2c665b","modified":1664182971137},{"_id":"themes/fluid/source/css/highlight.styl","hash":"a9efc52a646a9e585439c768557e3e3c9e3326dc","modified":1664182971137},{"_id":"themes/fluid/scripts/utils/url-join.js","hash":"718aab5e7b2059a06b093ca738de420d9afa44ba","modified":1664182971137},{"_id":"themes/fluid/scripts/utils/resolve.js","hash":"8c4a8b62aa8608f12f1e9046231dff04859dc3e9","modified":1664182971137},{"_id":"themes/fluid/source/css/highlight-dark.styl","hash":"45695ef75c31a4aa57324dd408b7e2327a337018","modified":1664182971137},{"_id":"themes/fluid/source/img/fluid.png","hash":"64b215db2cb3af98fe639e94537cb5209f959c78","modified":1664182971137},{"_id":"themes/fluid/source/css/main.styl","hash":"855ae5fe229c51afa57f7645f6997a27a705d7e4","modified":1664182971137},{"_id":"themes/fluid/source/img/avatar.png","hash":"13e3435d48fda9949022ddc47b51a92bd4eb5b1a","modified":1664181390000},{"_id":"themes/fluid/source/img/police_beian.png","hash":"90efded6baa2dde599a9d6b1387973e8e64923ea","modified":1664182971137},{"_id":"themes/fluid/source/img/loading.gif","hash":"2d2fc0f947940f98c21afafef39ecf226a2e8d55","modified":1664182971137},{"_id":"themes/fluid/source/xml/local-search.xml","hash":"8c96ba6a064705602ce28d096fd7dd9069630a55","modified":1664182971137},{"_id":"themes/fluid/source/css/gitalk.css","hash":"a57b3cc8e04a0a4a27aefa07facf5b5e7bca0e76","modified":1664182971137},{"_id":"themes/fluid/source/js/events.js","hash":"89e3561488a618ed0caeb9edf18e441978e29c25","modified":1664182971137},{"_id":"themes/fluid/source/js/boot.js","hash":"38bd26c6b7acdafda86dda3560e6a3ca488d3c76","modified":1664182971137},{"_id":"themes/fluid/source/js/color-schema.js","hash":"ba63f7c3324bc1fdd050a90add9d8faaffc27e07","modified":1664182971137},{"_id":"themes/fluid/source/js/img-lazyload.js","hash":"cbdeca434ec4da51f488c821d51b4d23c73294af","modified":1664182971137},{"_id":"themes/fluid/source/js/leancloud.js","hash":"eff77c7a5c399fcaefda48884980571e15243fc9","modified":1664182971137},{"_id":"themes/fluid/layout/_partials/comments/changyan.ejs","hash":"c9b2d68ed3d375f1953e7007307d2a3f75ed6249","modified":1664182971137},{"_id":"themes/fluid/source/js/local-search.js","hash":"cebcda5991b6a9ab9307c69542389ce9013f04f7","modified":1664182971137},{"_id":"themes/fluid/source/js/plugins.js","hash":"2333494add51e5e1374602a4e81f0be36a05d4c2","modified":1664182971137},{"_id":"themes/fluid/source/js/utils.js","hash":"45cc86f099db0a2c36ad49711ce66c2d598a2ab1","modified":1664182971137},{"_id":"themes/fluid/layout/_partials/comments/cusdis.ejs","hash":"5f9dc012be27040bbe874d0c093c0d53958cc987","modified":1664182971137},{"_id":"themes/fluid/layout/_partials/comments/disqus.ejs","hash":"aab4a4d24c55231a37db308ae94414319cecdd9b","modified":1664182971137},{"_id":"themes/fluid/layout/_partials/comments/giscus.ejs","hash":"95f8b866b158eff9352c381c243b332a155a5110","modified":1664182971137},{"_id":"themes/fluid/layout/_partials/comments/gitalk.ejs","hash":"843bc141a4545eb20d1c92fb63c85d459b4271ec","modified":1664182971137},{"_id":"themes/fluid/layout/_partials/comments/livere.ejs","hash":"2264758fed57542a7389c7aa9f00f1aefa17eb87","modified":1664182971137},{"_id":"themes/fluid/layout/_partials/comments/remark42.ejs","hash":"d4e9532feeb02aed61bd15eda536b5b631454dac","modified":1664182971137},{"_id":"themes/fluid/layout/_partials/comments/utterances.ejs","hash":"c7ccf7f28308334a6da6f5425b141a24b5eca0e2","modified":1664182971137},{"_id":"themes/fluid/layout/_partials/comments/twikoo.ejs","hash":"e6820fb7f13662c42f8433ec95404238f4c1860c","modified":1664182971137},{"_id":"themes/fluid/layout/_partials/comments/valine.ejs","hash":"19ba937553dddd317f827d682661a1066a7b1f30","modified":1664182971137},{"_id":"themes/fluid/layout/_partials/comments/waline.ejs","hash":"12727da7cf3ac83443270f550be4d1c06135b52b","modified":1664182971137},{"_id":"themes/fluid/layout/_partials/plugins/anchorjs.ejs","hash":"40181442d3a2b8734783a0ad7caf2d2522e3f2ab","modified":1664182971137},{"_id":"themes/fluid/layout/_partials/plugins/code-widget.ejs","hash":"3a505cba37942badf62a56bbb8b605b72af330aa","modified":1664182971137},{"_id":"themes/fluid/layout/_partials/plugins/analytics.ejs","hash":"1327395a4dde1ea06c476b047fb110bcd269149f","modified":1664182971137},{"_id":"themes/fluid/layout/_partials/plugins/highlight.ejs","hash":"7529dd215b09d3557804333942377b9e20fa554e","modified":1664182971137},{"_id":"themes/fluid/layout/_partials/plugins/fancybox.ejs","hash":"9d1ea2a46b8c8ad8c168594d578f40764818ef13","modified":1664182971137},{"_id":"themes/fluid/layout/_partials/plugins/mermaid.ejs","hash":"e49506e9895e255e0e53f34a11d325f83109c1b0","modified":1664182971137},{"_id":"themes/fluid/layout/_partials/plugins/encrypt.ejs","hash":"e3713fa78e0fc14a239360b020068d8513573ae4","modified":1664182971137},{"_id":"themes/fluid/layout/_partials/plugins/math.ejs","hash":"dcbf9a381ee76f2f1f75fcbc22c50a502ec85023","modified":1664182971137},{"_id":"themes/fluid/layout/_partials/plugins/nprogress.ejs","hash":"4c2d39ce816b8a6dcd6b53113c8695f8bd650a23","modified":1664182971137},{"_id":"themes/fluid/layout/_partials/header/banner.ejs","hash":"e07757b59e7b89eea213d0e595cb5932f812fd32","modified":1664182971137},{"_id":"themes/fluid/scripts/events/lib/compatible-configs.js","hash":"ef474d1fa5bbafc52619ced0f9dc7eaf2affb363","modified":1664182971137},{"_id":"themes/fluid/layout/_partials/header/navigation.ejs","hash":"38990ed9dbccd88342ee4b4cb5e60818e9eb8e8a","modified":1664182971137},{"_id":"themes/fluid/scripts/events/lib/footnote.js","hash":"2ec2ae03c79bb1ae7ac3fcf7e00fb52d1af2898d","modified":1664182971137},{"_id":"themes/fluid/layout/_partials/footer/statistics.ejs","hash":"454d8dd4c39f9494ebeb03ca0746f5bc122af76a","modified":1664182971137},{"_id":"themes/fluid/scripts/events/lib/hello.js","hash":"44c5eb97b98813a07c659d6afedd17fad63b1821","modified":1664182971137},{"_id":"themes/fluid/layout/_partials/footer/beian.ejs","hash":"4fb9b5dd3f3e41a586d6af44e5069afe7c81fff2","modified":1664182971137},{"_id":"themes/fluid/scripts/events/lib/merge-configs.js","hash":"7c944c43b2ece5dd84859bd9d1fe955d13427387","modified":1664182971137},{"_id":"themes/fluid/layout/_partials/plugins/typed.ejs","hash":"51faef29f8e464bcb2e73049b428b88c8dd8b40a","modified":1664182971137},{"_id":"themes/fluid/scripts/events/lib/injects.js","hash":"5ae4b07204683e54b5a1b74e931702bbce2ac23e","modified":1664182971137},{"_id":"themes/fluid/scripts/events/lib/highlight.js","hash":"0f02df2244e275595e72163498d42f42bcf0de5e","modified":1664182971137},{"_id":"themes/fluid/scripts/events/lib/lazyload.js","hash":"9ba0d4bc224e22af8a5a48d6ff13e5a0fcfee2a4","modified":1664182971137},{"_id":"themes/fluid/layout/_partials/post/category-bar.ejs","hash":"8772bce97ed297e7a88523f4e939ed6436c22f87","modified":1664182971137},{"_id":"themes/fluid/layout/_partials/post/meta-bottom.ejs","hash":"7079b27a7bc15a7dfa9209f6be6051bdec49ebad","modified":1664182971137},{"_id":"themes/fluid/layout/_partials/post/copyright.ejs","hash":"9d13392cea94b66d86422ad17c66e5ae67ce1d32","modified":1664182971137},{"_id":"themes/fluid/layout/_partials/post/sidebar-left.ejs","hash":"9992c99b3eb728ad195970e1b84d665f2c8691c4","modified":1664182971137},{"_id":"themes/fluid/layout/_partials/post/meta-top.ejs","hash":"ce6e9f578f4faa45840abddf8f46af3f4b69c177","modified":1664182971137},{"_id":"themes/fluid/layout/_partials/post/sidebar-right.ejs","hash":"d5fcc9b60e02f869a29a8c17a16a6028ecc1e6d8","modified":1664182971137},{"_id":"themes/fluid/source/css/_mixins/base.styl","hash":"542e306ee9494e8a78e44d6d7d409605d94caeb3","modified":1664182971137},{"_id":"themes/fluid/source/css/_functions/base.styl","hash":"2e46f3f4e2c9fe34c1ff1c598738fc7349ae8188","modified":1664182971137},{"_id":"themes/fluid/source/css/_pages/pages.styl","hash":"b8e887bc7fb3b765a1f8ec9448eff8603a41984f","modified":1664182971137},{"_id":"themes/fluid/layout/_partials/post/toc.ejs","hash":"97e003371b76911522fb93c5180c9fdceed29488","modified":1664182971137},{"_id":"themes/fluid/source/css/_pages/_category/category-chain.styl","hash":"0cdf7ef50dfd0669d3b257821384ff31cd81b7c9","modified":1664182971137},{"_id":"themes/fluid/source/css/_pages/_archive/archive.styl","hash":"c475e6681546d30350eaed11f23081ecae80c375","modified":1664182971137},{"_id":"themes/fluid/source/css/_pages/_category/category-bar.styl","hash":"cc6df43fef6bb3efecbfdd8b9e467424a1dea581","modified":1664182971137},{"_id":"themes/fluid/source/css/_variables/base.styl","hash":"4ed5f0ae105ef4c7dd92eaf652ceda176c38e502","modified":1664182971137},{"_id":"themes/fluid/source/css/_pages/_category/category-list.styl","hash":"7edfe1b571ecca7d08f5f4dbcf76f4ffdcfbf0b5","modified":1664182971137},{"_id":"themes/fluid/source/css/_pages/_base/inline.styl","hash":"411a3fa3f924a87e00ff04d18b5c83283b049a4d","modified":1664182971137},{"_id":"themes/fluid/source/css/_pages/_base/base.styl","hash":"643284c567665f96915f0b64e59934dda315f74d","modified":1664182971137},{"_id":"themes/fluid/source/css/_pages/_base/keyframes.styl","hash":"94065ea50f5bef7566d184f2422f6ac20866ba22","modified":1664182971137},{"_id":"themes/fluid/source/css/_pages/_about/about.styl","hash":"97fe42516ea531fdad771489b68aa8b2a7f6ae46","modified":1664182971137},{"_id":"themes/fluid/source/css/_pages/_links/links.styl","hash":"5c7f2044e3f1da05a3229537c06bd879836f8d6e","modified":1664182971137},{"_id":"themes/fluid/source/css/_pages/_tag/tags.styl","hash":"65bfc01c76abc927fa1a23bf2422892b0d566c3f","modified":1664182971137},{"_id":"themes/fluid/source/css/_pages/_base/color-schema.styl","hash":"61279540c2623ea4bf93e40613d41380839b92d3","modified":1664182971137},{"_id":"themes/fluid/source/css/_pages/_post/comment.styl","hash":"780f3788e7357bcd3f3262d781cb91bb53976a93","modified":1664182971137},{"_id":"themes/fluid/source/css/_pages/_post/markdown.styl","hash":"1e3d3a82721e7c10bcfcecec6d81cf2979039452","modified":1664182971137},{"_id":"themes/fluid/source/css/_pages/_index/index.styl","hash":"0acbd71633bcc7191672ea4e1b2277bea350d73b","modified":1664182971137},{"_id":"themes/fluid/source/css/_pages/_post/highlight.styl","hash":"4df764d298fe556e501db4afc2b05686fe6ebcfb","modified":1664182971137},{"_id":"themes/fluid/source/css/_pages/_base/_widget/anchorjs.styl","hash":"e0cebda4a6f499aff75e71417d88caa7ceb13b94","modified":1664182971137},{"_id":"themes/fluid/source/css/_pages/_post/post-tag.styl","hash":"27f70062415ccf66a9b6f4952db124fc1471fda5","modified":1664182971137},{"_id":"themes/fluid/source/css/_pages/_post/post-page.styl","hash":"127bb5391370afe7fef2a297084d76406bc5e902","modified":1664182971137},{"_id":"themes/fluid/source/css/_pages/_base/_widget/banner.styl","hash":"7a0bd629bc234fc75e3cc8e3715ffada92f09e73","modified":1664182971137},{"_id":"themes/fluid/source/css/_pages/_base/_widget/board.styl","hash":"4397037fc3f0033dbe546c33cd9dbdabd8cb1632","modified":1664182971137},{"_id":"themes/fluid/source/css/_pages/_base/_widget/code-widget.styl","hash":"b66ab013f0f37d724a149b85b3c7432afcf460ad","modified":1664182971137},{"_id":"themes/fluid/source/css/_pages/_base/_widget/copyright.styl","hash":"26f71a9cd60d96bb0cb5bbdf58150b8e524d9707","modified":1664182971137},{"_id":"themes/fluid/source/css/_pages/_base/_widget/footer.styl","hash":"2caaca71dd1ff63d583099ed817677dd267b457e","modified":1664182971137},{"_id":"themes/fluid/source/css/_pages/_base/_widget/footnote.styl","hash":"ae9289cc89649af2042907f8a003303b987f3404","modified":1664182971137},{"_id":"themes/fluid/source/css/_pages/_base/_widget/header.styl","hash":"0aa512c21a4b74ef2e70009786a1858d7c2fae9c","modified":1664182971137},{"_id":"themes/fluid/source/css/_pages/_base/_widget/modal.styl","hash":"adf6c1e5c8e1fb41c77ce6e2258001df61245aa2","modified":1664182971137},{"_id":"themes/fluid/source/css/_pages/_base/_widget/noscript.styl","hash":"0cf2f2bb44f456150d428016675d5876a9d2e2aa","modified":1664182971137},{"_id":"themes/fluid/source/css/_pages/_base/_widget/ngrogress.styl","hash":"5d225357b4a58d46118e6616377168336ed44cb2","modified":1664182971137},{"_id":"themes/fluid/source/css/_pages/_base/_widget/search.styl","hash":"10f7e91a91e681fb9fe46f9df7707b9ef78707c8","modified":1664182971137},{"_id":"themes/fluid/source/css/_pages/_base/_widget/pagination.styl","hash":"8bb1b68e5f3552cb48c2ffa31edbc53646a8fb4c","modified":1664182971137},{"_id":"themes/fluid/source/css/_pages/_base/_widget/qrcode.styl","hash":"78704a94c0436097abfb0e0a57abeb3429c749b7","modified":1664182971137},{"_id":"themes/fluid/source/css/_pages/_base/_widget/scroll-btn.styl","hash":"f0e429a27fa8a7658fcbddbb4d4dbe4afa12499a","modified":1664182971137},{"_id":"themes/fluid/source/css/_pages/_base/_widget/toc.styl","hash":"9e7452aa2372153f25d7a4675c9d36d281a65d24","modified":1664182971137},{"_id":"themes/fluid/source/img/default.png","hash":"167a12978d80371cf578c8a2e45c24a2eb25b6fb","modified":1664182971137},{"_id":"source/img/apple_podcast.png","hash":"a42da1d6a2ee72883461a180b55748987f9becd4","modified":1664184381258},{"_id":"source/img/apple_podcast.svg","hash":"c158cef9386a5dfaf53aa1bd944324ed2c06d8aa","modified":1664184415771},{"_id":"source/img/ximalaya.svg","hash":"a270b834a3972eb5cb2698f5f20c75e4cbf9ddc4","modified":1664184532797},{"_id":"source/img/google_podcasts.svg","hash":"f691a182450c537f6deeede2ef392dcdbab300f3","modified":1664184520156},{"_id":"source/img/apple_podcasts.svg","hash":"c158cef9386a5dfaf53aa1bd944324ed2c06d8aa","modified":1664184415771}],"Category":[],"Data":[],"Page":[{"title":"about","layout":"about","_content":"\n这里写关于页的正文，支持 Markdown, HTML","source":"about/index.md","raw":"---\ntitle: about\nlayout: about\n---\n\n这里写关于页的正文，支持 Markdown, HTML","date":"2022-09-26T08:56:05.007Z","updated":"2022-09-26T08:56:05.007Z","path":"about/index.html","comments":1,"_id":"cl8ijlkq20000wck2blxl0kpi","content":"<p>这里写关于页的正文，支持 Markdown, HTML</p>\n","site":{"data":{}},"excerpt":"","more":"<p>这里写关于页的正文，支持 Markdown, HTML</p>\n"}],"Post":[{"title":"Welcome to NoSuchView","_content":"\n- 👋 Hi, This is \"No Such View\", yea another new Podcast.\n  \n- 🌎 We've launched at 2022/09/25.\n  \n- 🌱 At leisure, let us waste some time. No more view, no more value, only talk nonsense.\n  \n- 👀 Listen at:\n  - No Platfrom online yet.\n  \n- 💞️ Fell free to contact us:\n  - E-Mail: NoSuchView@Outlook.com\n  - Github: https://github.com/NoSuchView/\n\n","source":"_posts/hello-world.md","raw":"---\ntitle: Welcome to NoSuchView\n---\n\n- 👋 Hi, This is \"No Such View\", yea another new Podcast.\n  \n- 🌎 We've launched at 2022/09/25.\n  \n- 🌱 At leisure, let us waste some time. No more view, no more value, only talk nonsense.\n  \n- 👀 Listen at:\n  - No Platfrom online yet.\n  \n- 💞️ Fell free to contact us:\n  - E-Mail: NoSuchView@Outlook.com\n  - Github: https://github.com/NoSuchView/\n\n","slug":"hello-world","published":1,"date":"2022-09-26T04:07:05.602Z","updated":"2022-09-26T09:32:31.876Z","_id":"cl8ijlkq40001wck2dv4m0rvf","comments":1,"layout":"post","photos":[],"link":"","content":"<ul>\n<li><p>👋 Hi, This is “No Such View”, yea another new Podcast.</p>\n</li>\n<li><p>🌎 We’ve launched at 2022&#x2F;09&#x2F;25.</p>\n</li>\n<li><p>🌱 At leisure, let us waste some time. No more view, no more value, only talk nonsense.</p>\n</li>\n<li><p>👀 Listen at:</p>\n<ul>\n<li>No Platfrom online yet.</li>\n</ul>\n</li>\n<li><p>💞️ Fell free to contact us:</p>\n<ul>\n<li>E-Mail: <a href=\"mailto:&#x4e;&#111;&#x53;&#x75;&#99;&#x68;&#86;&#x69;&#101;&#x77;&#64;&#79;&#117;&#x74;&#108;&#x6f;&#111;&#x6b;&#x2e;&#99;&#111;&#x6d;\">&#x4e;&#111;&#x53;&#x75;&#99;&#x68;&#86;&#x69;&#101;&#x77;&#64;&#79;&#117;&#x74;&#108;&#x6f;&#111;&#x6b;&#x2e;&#99;&#111;&#x6d;</a></li>\n<li>Github: <a href=\"https://github.com/NoSuchView/\">https://github.com/NoSuchView/</a></li>\n</ul>\n</li>\n</ul>\n","site":{"data":{}},"excerpt":"","more":"<ul>\n<li><p>👋 Hi, This is “No Such View”, yea another new Podcast.</p>\n</li>\n<li><p>🌎 We’ve launched at 2022&#x2F;09&#x2F;25.</p>\n</li>\n<li><p>🌱 At leisure, let us waste some time. No more view, no more value, only talk nonsense.</p>\n</li>\n<li><p>👀 Listen at:</p>\n<ul>\n<li>No Platfrom online yet.</li>\n</ul>\n</li>\n<li><p>💞️ Fell free to contact us:</p>\n<ul>\n<li>E-Mail: <a href=\"mailto:&#x4e;&#111;&#x53;&#x75;&#99;&#x68;&#86;&#x69;&#101;&#x77;&#64;&#79;&#117;&#x74;&#108;&#x6f;&#111;&#x6b;&#x2e;&#99;&#111;&#x6d;\">&#x4e;&#111;&#x53;&#x75;&#99;&#x68;&#86;&#x69;&#101;&#x77;&#64;&#79;&#117;&#x74;&#108;&#x6f;&#111;&#x6b;&#x2e;&#99;&#111;&#x6d;</a></li>\n<li>Github: <a href=\"https://github.com/NoSuchView/\">https://github.com/NoSuchView/</a></li>\n</ul>\n</li>\n</ul>\n"}],"PostAsset":[],"PostCategory":[],"PostTag":[],"Tag":[]}}